<?xml version="1.0" encoding="UTF-8"?>
<project-private xmlns="http://www.netbeans.org/ns/project-private/1">
    <editor-bookmarks xmlns="http://www.netbeans.org/ns/editor-bookmarks/2" lastBookmarkId="0"/>
    <open-files xmlns="http://www.netbeans.org/ns/projectui-open-files/2">
        <group>
            <file>file:/C:/Users/ACER/Downloads/TUBES/TUBES/src/tubes/Pasien.java</file>
            <file>file:/C:/Users/ACER/Downloads/TUBES/TUBES/src/tubes/DatabaseConnection.java</file>
            <file>file:/C:/Users/ACER/Downloads/TUBES/TUBES/src/tubes/BaseCalculator.java</file>
            <file>file:/C:/Users/ACER/Downloads/TUBES/TUBES/src/tubes/KebutuhanCairanCalculator.java</file>
            <file>file:/C:/Users/ACER/Downloads/TUBES/TUBES/src/tubes/CalculateFrame.java</file>
            <file>file:/C:/Users/ACER/Downloads/TUBES/TUBES/src/tubes/MainFrame.java</file>
            <file>file:/C:/Users/ACER/Downloads/TUBES/TUBES/src/tubes/FluidBalanceCalculator.java</file>
        </group>
    </open-files>
</project-private>
